city,county,population,land_size,medium_income,per_capita_income,registered_voter,democratic,republican,no_stations,mile,more_than_12,no_v2,no_urban,no_v3,no_v4,total
Agoura Hills,Los Angeles,20299,7.8,157930,75425,15236,6829,4088,0,0,0,0,0,0,0,0
Alhambra,Los Angeles,82868,7.63,80234,38394,45593,23131,7098,1,0,0,0,0,12,0,12
Arcadia,Los Angeles,56681,10.93,108214,53959,32482,11545,8007,0,0,0,0,0,0,0,0
Artesia,Los Angeles,16395,1.62,92702,29781,8651,4120,1760,0,0,0,0,0,0,0,0
Avalon,Los Angeles,3441,2.9,89131,40655,1812,768,529,0,0,0,0,0,0,0,0
Azusa,Los Angeles,50000,9.66,81516,30180,24138,11892,4819,1,0,1,0,0,16,0,16
Baldwin Park,Los Angeles,72176,6.63,76002,24664,35074,19497,4628,0,0,0,0,0,0,0,0
Bell,Los Angeles,33559,2.51,56685,21024,14545,9105,1369,1,0,0,0,0,8,0,8
Bell Gardens,Los Angeles,39501,2.46,53935,17196,16059,9986,1380,0,0,0,0,0,0,0,0
Bellflower,Los Angeles,79190,6.12,75379,28918,41332,21514,7509,0,0,0,0,0,0,0,0
Beverly Hills,Los Angeles,32701,5.71,116771,103693,22586,9685,5561,0,0,0,0,0,0,0,0
Bradbury,Los Angeles,767,2,158438,92386,612,193,216,0,0,0,0,0,0,0,0
Burbank,Los Angeles,107337,17.32,91455,52513,71179,35281,14609,3,3,2,20,0,32,0,52
Calabasas,Los Angeles,23241,13.71,154079,98625,16940,7758,4111,1,1,1,0,0,20,0,20
Carson,Los Angeles,95558,18.73,103045,36093,62564,36286,8328,0,0,0,0,0,0,0,0
Cerritos,Los Angeles,49578,8.73,124460,51243,35708,15272,8539,1,1,1,0,20,0,0,20
Claremont,Los Angeles,37266,13.34,115091,53395,23560,11686,5621,0,0,0,0,0,0,0,0
Commerce,Los Angeles,12378,6.53,66071,24497,7109,4528,696,2,2,2,0,0,60,0,60
Compton,Los Angeles,95740,10.03,69728,22278,48917,32495,2831,0,0,0,0,0,0,0,0
Covina,Los Angeles,51268,7.04,89650,37234,30642,14197,7622,0,0,0,0,0,0,0,0
Cudahy,Los Angeles,22811,1.18,49596,16472,8917,5534,750,0,0,0,0,0,0,0,0
Culver City,Los Angeles,40779,5.11,114429,75245,28675,18310,3000,2,2,1,16,0,8,0,24
Diamond Bar,Los Angeles,55072,14.87,106881,45516,34234,13054,9021,1,1,1,0,0,24,0,24
Downey,Los Angeles,114355,12.41,84236,35375,65105,34050,13033,2,1,0,0,24,0,0,24
Duarte,Los Angeles,21727,6.71,93908,37833,13288,6585,2755,0,0,0,0,0,0,0,0
El Monte,Los Angeles,109450,9.56,59929,22865,44276,22985,6136,0,0,0,0,0,0,0,0
El Segundo,Los Angeles,17272,5.46,142596,74872,12287,5209,3280,0,0,0,0,0,0,0,0
Gardena,Los Angeles,61027,5.83,75443,33617,35779,21182,4932,0,0,0,0,0,0,0,0
Glendale,Los Angeles,196543,30.48,81219,44298,114315,49462,25558,2,2,2,0,20,16,0,36
Glendora,Los Angeles,52558,19.51,106718,45796,35138,12174,13161,0,0,0,0,0,0,0,0
Hawaiian Gardens,Los Angeles,14149,0.95,73510,23690,6031,3313,804,1,1,1,0,0,32,0,32
Hawthorne,Los Angeles,88083,6.09,72298,32434,43727,26190,4887,2,2,1,0,12,20,0,32
Hermosa Beach,Los Angeles,19728,1.43,149500,106731,14497,6453,3317,1,1,1,0,0,20,0,20
Hidden Hills,Los Angeles,2107,1.7,250000,134423,1370,522,434,0,0,0,0,0,0,0,0
Huntington Park,Los Angeles,54883,3.01,54073,19217,22037,13883,1886,1,0,0,0,0,12,0,12
Industry,Los Angeles,234,11.8,77000,20103,354,180,63,2,2,1,0,0,32,0,32
Inglewood,Los Angeles,107762,9.07,67563,30559,63862,44072,3358,0,0,0,0,0,0,0,0
Irwindale,Los Angeles,1343,8.8,101181,42766,1052,630,162,0,0,0,0,0,0,0,0
La Ca√±ada Flintridge,Los Angeles,20573,8.63,210625,99697,15645,6022,4963,0,0,0,0,0,0,0,0
La Habra Heights,Los Angeles,5682,6.16,179990,89507,4189,1192,1790,0,0,0,0,0,0,0,0
La Mirada,Los Angeles,48008,7.82,104130,39623,31293,12526,10054,0,0,0,0,0,0,0,0
La Puente,Los Angeles,38062,3.48,77702,25451,19065,10996,2511,0,0,0,0,0,0,0,0
La Verne,Los Angeles,31334,8.42,103816,48567,22708,8261,8546,0,0,0,0,0,0,0,0
Lakewood,Los Angeles,82496,9.4,113030,43086,55531,25489,14428,1,0,1,0,0,20,0,20
Lancaster,Los Angeles,173516,94.27,71367,28082,91644,40677,23946,1,1,1,0,0,16,0,16
Lawndale,Los Angeles,31807,1.97,76213,29330,16190,8794,2414,1,1,0,0,0,8,0,8
Lomita,Los Angeles,20921,1.91,87717,46488,12919,5704,3476,0,0,0,0,0,0,0,0
Long Beach,Los Angeles,466742,50.71,78995,39589,274429,147147,45952,2,2,1,0,0,28,0,28
Los Angeles,Los Angeles,3898747,469.49,76224,43527,2152041,1243958,278447,6,6,3,0,26,76,0,102
Lynwood,Los Angeles,67265,4.84,67350,20275,29732,18983,2249,0,0,0,0,0,0,0,0
Malibu,Los Angeles,10654,19.85,186905,120795,8395,3948,1925,2,2,0,0,5,8,0,13
Manhattan Beach,Los Angeles,35506,3.93,187217,108762,27047,11332,7640,1,1,1,0,24,0,0,24
Maywood,Los Angeles,25138,1.17,57615,19236,10490,6595,844,0,0,0,0,0,0,0,0
Monrovia,Los Angeles,37931,13.63,93827,44566,23591,10988,5636,0,0,0,0,0,0,0,0
Montebello,Los Angeles,62640,8.33,72317,30596,33072,19174,4731,0,0,0,0,0,0,0,0
Monterey Park,Los Angeles,61096,7.67,76892,35852,31695,14702,5066,0,0,0,0,0,0,0,0
Norwalk,Los Angeles,102773,9.71,91259,29540,56477,30690,9399,1,1,1,0,0,16,0,16
Palmdale,Los Angeles,169450,106.06,78414,27882,88707,43388,19515,2,2,2,0,0,44,0,44
Palos Verdes Estates,Los Angeles,13347,4.78,224766,133004,10787,3483,4083,0,0,0,0,0,0,0,0
Paramount,Los Angeles,53733,4.73,67197,23277,25461,15267,2738,0,0,0,0,0,0,0,0
Pasadena,Los Angeles,138699,22.96,97818,59655,90267,51060,14515,5,5,4,0,24,68,0,92
Pico Rivera,Los Angeles,62088,8.32,82539,29153,36900,22730,4913,0,0,0,0,0,0,0,0
Pomona,Los Angeles,151713,22.99,73515,26064,74560,38951,11908,2,2,2,0,0,40,0,40
Rancho Palos Verdes,Los Angeles,42287,13.47,166747,81344,30751,11763,9909,0,0,0,0,0,0,0,0
Redondo Beach,Los Angeles,71576,6.21,134033,73285,48673,22102,11638,1,1,0,8,0,0,0,8
Rolling Hills,Los Angeles,1451,3,250000,187377,1562,398,711,0,0,0,0,0,0,0,0
Rolling Hills Estates,Los Angeles,8280,3.58,179917,90746,6469,2224,2357,0,0,0,0,0,0,0,0
Rosemead,Los Angeles,51185,5.16,70073,26081,23761,11160,3523,0,0,0,0,0,0,0,0
San Dimas,Los Angeles,34924,15.03,102241,46574,23564,8619,8447,0,0,0,0,0,0,0,0
San Fernando,Los Angeles,23946,2.37,70950,27486,12284,7301,1400,1,1,0,0,0,12,0,12
San Gabriel,Los Angeles,39568,4.14,84056,35799,19505,8794,3544,1,1,1,0,0,20,0,20
San Marino,Los Angeles,12513,3.77,174253,88297,9146,2923,2715,0,0,0,0,0,0,0,0
Santa Clarita,Los Angeles,228673,70.75,116186,47057,146477,56443,48648,3,1,3,0,0,72,0,72
Santa Fe Springs,Los Angeles,19219,8.86,81500,30849,11351,6245,2025,0,0,0,0,0,0,0,0
Santa Monica,Los Angeles,93076,8.41,106797,86888,69292,41335,8019,3,3,3,0,16,78,0,94
Sierra Madre,Los Angeles,11268,2.95,128056,80210,8628,4006,2266,0,0,0,0,0,0,0,0
Signal Hill,Los Angeles,11848,2.19,96385,46714,7405,3934,1192,0,0,0,0,0,0,0,0
South El Monte,Los Angeles,19567,2.84,67724,22248,8965,5024,1080,0,0,0,0,0,0,0,0
South Gate,Los Angeles,92726,7.24,67188,22927,46080,28617,4705,0,0,0,0,0,0,0,0
South Pasadena,Los Angeles,26943,3.41,127882,71865,17890,10179,2606,0,0,0,0,0,0,0,0
Temple City,Los Angeles,36494,4,95263,40134,20412,7976,4563,0,0,0,0,0,0,0,0
Torrance,Los Angeles,147067,20.52,109554,54737,93361,39301,26355,1,1,1,0,0,20,0,20
Vernon,Los Angeles,329,5,69345,20296,128,63,15,2,1,0,0,0,16,0,16
Walnut,Los Angeles,28430,8.99,130444,50712,19361,7499,4547,0,0,0,0,0,0,0,0
West Covina,Los Angeles,109501,16.04,96219,36707,62465,30324,12985,3,2,3,0,0,60,0,60
West Hollywood,Los Angeles,35757,1.894,89034,79645,27161,17693,2442,1,1,0,0,0,8,0,8
Westlake Village,Los Angeles,8029,5.19,188681,99908,6501,2528,2149,0,0,0,0,0,0,0,0
Whittier,Los Angeles,87306,14.65,89686,37433,54916,26533,13715,2,2,1,0,0,23,0,23
Aliso Viejo,Orange,52176,6.93,131708,59852,31881,11742,10349,0,0,0,0,0,0,0,0
Anaheim,Orange,346824,50.27,88538,35331,167099,73943,45310,3,3,3,0,20,32,0,52
Brea,Orange,47325,12.17,120226,50780,29233,9944,11007,2,2,2,0,0,44,0,44
Buena Park,Orange,84034,10.53,101586,37945,43355,18511,11819,1,1,1,0,24,0,0,24
Costa Mesa,Orange,111918,15.81,104981,53888,61372,22944,19614,2,2,0,0,0,20,0,20
Cypress,Orange,50151,6.61,117461,46827,30512,11297,10204,1,0,1,0,0,16,0,16
Dana Point,Orange,33107,6.49,119632,74878,24101,7386,9927,0,0,0,0,0,0,0,0
Fountain Valley,Orange,57047,9.07,108860,46609,37372,12054,14513,2,2,1,16,0,12,0,28
Fullertron,Orange,143617,22.42,99279,46182,77323,31457,23422,1,1,1,0,0,16,0,16
Garden Grove,Orange,171949,17.96,86139,31132,88147,33585,27738,1,1,1,0,0,32,0,32
Huntington Beach,Orange,198711,27,114747,60654,132959,41661,53372,0,0,0,0,0,0,0,0
Irvine,Orange,307670,65.61,122948,59354,151506,62113,37413,5,5,2,0,36,52,0,88
La Habra,Orange,63097,7.56,93801,37527,33154,14046,9952,0,0,0,0,0,0,0,0
La Palma,Orange,15581,1.78,113398,50335,9628,3810,2989,0,0,0,0,0,0,0,0
Laguna Beach,Orange,23032,8.89,141875,107044,18170,7836,5147,0,0,0,0,0,0,0,0
Laguna Hills,Orange,31374,6.55,122902,64750,19962,6915,7189,2,2,2,0,0,32,0,32
Laguna Niguel,Orange,64355,14.74,135822,74600,44944,15045,16890,0,0,0,0,0,0,0,0
Laguna Woods,Orange,17644,3.34,56928,52877,15076,6095,5276,0,0,0,0,0,0,0,0
Lake Forest,Orange,85858,16.71,128358,56627,52786,18302,18821,1,1,1,0,0,24,0,24
Los Alamitos,Orange,11780,4.01,100987,48541,7216,2623,2493,0,0,0,0,0,0,0,0
Mission Viejo,Orange,93653,17.66,136570,59856,65509,21493,25514,2,2,0,0,18,0,0,18
Newport Beach,Orange,85239,23.79,149471,110535,60667,15662,28358,1,1,0,0,0,12,0,12
Orange,Orange,139911,25.67,109335,48092,77904,28523,27431,0,0,0,0,0,0,0,0
Placentia,Orange,51824,6.61,106155,44788,30664,11027,11094,0,0,0,0,0,0,0,0
Rancho Santa Margarita,Orange,47949,12.9,150146,62035,31368,9674,12674,0,0,0,0,0,0,0,0
San Clemente,Orange,64293,18.36,134730,69570,44521,12521,19508,2,1,2,21,0,44,0,65
San Juan Capistrano,Orange,35196,14.43,123474,55855,22325,7231,8833,2,2,0,7,0,12,0,19
Santa Ana,Orange,310227,27.34,84210,27328,125983,66624,22654,2,2,2,12,22,0,0,34
Seal Beach,Orange,25242,11.27,75507,65859,19119,6919,7644,0,0,0,0,0,0,0,0
Stanton,Orange,37962,3.1,76123,33351,17525,7858,4556,0,0,0,0,0,0,0,0
Tustin,Orange,80276,11.16,102065,47648,41355,17037,11372,4,4,1,0,0,63,0,63
Villa Park,Orange,5843,2.08,189306,96167,4645,1053,2421,0,0,0,0,0,0,0,0
Westminster,Orange,90911,10.04,80271,33824,51682,17315,18165,1,1,1,0,24,0,0,24
Yorba Linda,Orange,68336,19.95,148325,64265,47919,12320,22991,2,2,0,0,0,16,0,16
San Francisco,San Francisco,873965,46.91,136689,86186,500191,314563,33562,4,3,1,0,68,16,0,84
Alameda,Alameda,78280,10.45,129917,68122,50239,31334,4998,1,0,0,12,0,0,0,12
Albany,Alameda,20271,1.79,124469,65976,11920,8531,560,0,0,0,0,0,0,0,0
Berkeley,Alameda,124321,10.43,104716,63310,73742,55769,1883,0,0,0,0,0,0,0,0
Dublin,Alameda,72589,15.23,191039,76941,34409,16836,5431,3,3,1,24,0,12,0,36
Emeryville,Alameda,12905,1.27,114345,83173,6786,4713,325,2,2,0,0,0,24,0,24
Fremont,Alameda,230504,78.31,169023,68357,116785,58727,15880,5,4,1,16,0,40,0,56
Hayward,Alameda,162954,45.82,105371,42311,79788,47648,8852,2,2,2,0,16,20,0,36
Livermore,Alameda,87955,26.45,152590,67965,56905,24766,15096,2,2,2,0,20,16,0,36
Newark,Alameda,47529,13.92,159465,62417,24866,13552,3484,2,2,2,0,16,22,0,38
Oakland,Alameda,440646,55.93,94389,56628,248910,176121,10259,2,2,1,0,12,16,0,28
Piedmont,Alameda,11270,1.7,250000,139921,8872,5906,905,0,0,0,0,0,0,0,0
Pleasanton,Alameda,79871,24.14,181639,83240,47305,21604,10470,2,2,0,0,10,12,0,22
San Leandro,Alameda,91008,13.32,97141,45010,50117,29448,5659,1,1,0,0,0,12,0,12
Union City,Alameda,70143,19.18,138013,52646,40421,22735,4790,1,0,0,0,0,12,0,12
Antioch,Contra Costa,115291,29.17,90709,37508,63479,35522,9947,1,1,0,10,0,0,0,10
Brentwood,Contra Costa,64292,14.87,134689,53655,41245,18207,11425,1,1,1,0,0,16,0,16
Clayton,Contra Costa,11070,3.84,164899,75862,8569,3699,2593,0,0,0,0,0,0,0,0
Concord,Contra Costa,125410,30.55,107789,48628,72551,37635,14087,2,2,2,19,0,16,0,35
El Cerrito,Contra Costa,25962,3.67,120414,67881,17442,12331,1052,1,1,1,0,14,0,0,14
Hercules,Contra Costa,26016,6.41,125880,52818,16943,10413,1937,0,0,0,0,0,0,0,0
Lafayette,Contra Costa,25391,15.02,219250,111213,19040,10278,3653,0,0,0,0,0,0,0,0
Martinez,Contra Costa,37287,12.63,124669,61048,26101,13724,5323,1,1,1,0,0,16,0,16
Oakley,Contra Costa,43357,15.87,120915,41163,26257,12480,6158,0,0,0,0,0,0,0,0
Orinda,Contra Costa,19514,12.85,250000,141683,15013,8375,2631,0,0,0,0,0,0,0,0
Pinole,Contra Costa,19022,5.1,113630,49738,12259,7402,1667,0,0,0,0,0,0,0,0
Pittsburg,Contra Costa,76416,17.68,98408,36333,39663,23502,4800,0,0,0,0,0,0,0,0
Pleasant Hill,Contra Costa,34613,7.08,137685,64672,23425,12579,4299,0,0,0,0,0,0,0,0
Richmond,Contra Costa,116448,30.05,86618,38522,58661,39604,3716,2,2,1,12,0,16,0,28
San Pablo,Contra Costa,32127,2.62,72552,27043,12858,8260,919,0,0,0,0,0,0,0,0
San Ramon,Contra Costa,84605,18.69,190829,77696,49556,23288,9221,3,3,3,16,20,16,0,52
Walnut Creek,Contra Costa,70127,19.76,129971,80347,49666,26530,9935,3,1,1,0,24,24,0,48
Belmont,San Mateo,28335,4.63,185944,92904,16597,9092,2357,0,0,0,0,0,0,0,0
Brisbane,San Mateo,4756,3,137583,101760,2968,1706,308,0,0,0,0,0,0,0,0
Burlingame,San Mateo,31386,4.39,165940,90326,18672,10206,2962,1,1,1,0,0,20,0,20
Daly City,San Mateo,104901,7.64,114910,46581,52370,30038,5833,2,2,2,0,40,15,0,55
East Palo Alto,San Mateo,30034,2.53,103248,37736,11535,7185,807,2,2,2,0,20,20,0,40
Foster City,San Mateo,33805,3.79,191267,91552,18138,9107,2817,0,0,0,0,0,0,0,0
Half Moon Bay,San Mateo,11795,6.24,148702,79985,7950,4309,1325,0,0,0,0,0,0,0,0
Menlo Park,San Mateo,33780,9.99,198273,113716,19819,11673,2510,1,0,1,0,18,0,0,18
Millbrae,San Mateo,23216,3.27,146649,71386,13966,6891,2260,0,0,0,0,0,0,0,0
Pacifica,San Mateo,38640,12.58,151849,66531,26457,15593,3525,0,0,0,0,0,0,0,0
Redwood City,San Mateo,84292,19.34,145620,77982,43844,24876,6008,0,0,0,0,0,0,0,0
San Bruno,San Mateo,43908,5.49,131669,57984,25075,14087,3531,2,2,1,0,0,40,0,40
San Carlos,San Mateo,30722,5.41,219413,113618,20508,11458,3276,1,1,1,0,19,0,0,19
San Mateo,San Mateo,105661,12.13,149152,78990,57886,32296,8384,7,7,1,20,0,60,0,80
South San Francisco,San Mateo,66105,9.2,127062,58031,36970,21631,4387,1,1,1,0,20,0,0,20
Campbell,Santa Clara,43959,6.08,141794,77923,25237,12811,4447,0,0,0,0,0,0,0,0
Cupertino,Santa Clara,60381,11.33,223667,99138,32737,14965,4408,2,2,1,10,0,28,0,38
Gilroy,Santa Clara,59520,16.54,127391,44660,30974,15681,6309,2,2,1,16,0,12,0,28
Los Altos,Santa Clara,31625,6.54,250000,142219,21768,11242,3616,1,1,1,0,16,0,0,16
Milpitas,Santa Clara,80273,13.48,166769,61826,36891,17374,6063,3,3,2,16,20,12,0,48
Monte Sereno,Santa Clara,3444,1.6,250000,157911,2670,1151,687,0,0,0,0,0,0,0,0
Morgan Hill,Santa Clara,45483,12.94,152199,62116,28002,12968,6888,1,1,1,0,14,0,0,14
Mountain View,Santa Clara,82376,11.96,174156,102077,38892,22224,4149,1,1,0,12,0,0,0,12
Palo Alto,Santa Clara,68572,24.1,214118,117476,41572,24116,4108,2,2,2,0,40,39,0,79
San Jose,Santa Clara,1013240,178.26,136010,59913,519025,265322,86609,9,8,6,0,92,68,0,160
Santa Clara,Santa Clara,127647,18.28,165352,78084,56671,29185,8609,1,1,1,0,16,0,0,16
Saratoga,Santa Clara,31051,12.78,237730,116925,22709,9964,4468,0,0,0,0,0,0,0,0
Sunnyvale,Santa Clara,155805,22.06,174506,89432,67610,35042,9322,2,2,1,10,0,16,0,26
Carlsbad,San Diego,114746,37.77,134139,66944,81167,30083,26088,3,1,2,0,26,24,0,50
Chula Vista,San Diego,275487,49.64,101984,37618,165548,75922,36380,3,3,2,0,0,44,0,44
Coronado,San Diego,20192,7.81,125558,72266,11447,3559,4301,0,0,0,0,0,0,0,0
Del Mar,San Diego,3956,1.7,185335,135828,3316,1402,931,0,0,0,0,0,0,0,0
El Cajon,San Diego,106215,14.51,64128,29639,51733,17617,17281,0,0,0,0,0,0,0,0
Encinitas,San Diego,62007,19.06,142506,77874,44898,19681,11233,0,0,0,0,0,0,0,0
Escondido,San Diego,151038,37.35,77554,35338,76774,29179,23530,0,0,0,0,0,0,0,0
Imperial Beach,San Diego,26137,4.29,75731,33164,14158,5677,3535,0,0,0,0,0,0,0,0
La Mesa,San Diego,61121,9.09,83649,44185,38116,16935,9620,1,1,0,0,0,48,0,48
Lemon Grove,San Diego,27627,3.88,77833,33270,16199,7493,3458,0,0,0,0,0,0,0,0
National City,San Diego,56173,7.3,59850,25574,27849,13639,4713,0,0,0,0,0,0,0,0
Oceanside,San Diego,174068,41.27,86701,40131,105822,40551,32135,0,0,0,0,0,0,0,0
Poway,San Diego,48841,39.08,135605,58325,32938,10640,11944,0,0,0,0,0,0,0,0
San Diego,San Diego,1386932,325.88,98657,51368,814434,379611,169222,14,8,7,12,56,162,0,230
San Marcos,San Diego,94833,24.36,99413,42194,52059,20017,15716,1,1,1,0,0,20,0,20
Santee,San Diego,60037,16.54,101777,42749,37830,11223,15272,0,0,0,0,0,0,0,0
Solana Beach,San Diego,12941,3.41,137647,86222,9628,4029,2635,1,1,0,0,0,8,0,8
Vista,San Diego,98381,18.75,88715,37194,51212,20240,14435,2,2,2,0,0,40,0,40
Banning,Riverside,29505,23.24,54083,28951,16679,6562,5549,0,0,0,0,0,0,0,0
Beaumont,Riverside,53036,30.32,102469,35794,30756,11297,10803,2,2,2,0,0,44,0,44
Blythe,Riverside,18317,26.58,52377,18085,5414,1937,1863,0,0,0,0,0,0,0,0
Calimesa,Riverside,10026,14.86,74236,34901,7223,1966,3383,1,1,0,0,0,12,0,12
Canyon Lake,Riverside,11082,3.92,120938,58583,8167,1434,4849,0,0,0,0,0,0,0,0
Cathedral City,Riverside,51493,22.49,63209,34807,26666,14456,5235,1,0,0,0,0,8,0,8
Coachella,Riverside,41941,30.08,52466,23962,15858,9644,1790,0,0,0,0,0,0,0,0
Corona ,Riverside,157136,39.94,103727,38353,87442,33562,29753,1,1,1,0,20,0,0,20
Desert Hot Springs,Riverside,32512,30.27,45863,23453,13426,6276,3012,0,0,0,0,0,0,0,0
Eastvale,Riverside,69757,12.67,151615,43311,37458,14908,11239,1,1,1,0,0,16,0,16
Hemet,Riverside,89833,29.28,49901,26043,45929,17558,15029,0,0,0,0,0,0,0,0
Indian Wells,Riverside,4852,14.3,132479,127143,3319,874,1692,0,0,0,0,0,0,0,0
Indio,Riverside,89137,33.23,68436,33852,43271,20622,11625,1,1,1,8,2,36,0,46
Jurupa Valley,Riverside,105053,42.94,91562,28723,50731,23144,12908,0,0,0,0,0,0,0,0
Lake Elsinore,Riverside,70265,38.24,89788,32792,24571,9005,9162,2,2,2,21,0,16,0,37
La Quinta,Riverside,37558,35.26,92776,58577,35766,13437,11389,0,0,0,0,0,0,0,0
Menifee,Riverside,102527,46.48,87871,35682,65744,21810,25448,2,2,2,20,0,16,0,36
Moreno Valley,Riverside,208634,51.33,82637,26861,102366,52669,20144,1,1,0,0,0,12,0,12
Murrieta,Riverside,110949,33.61,106925,40950,66094,19308,27109,1,1,0,0,0,12,0,12
Norco,Riverside,26316,13.86,120636,40311,14902,3534,7811,0,0,0,0,0,0,0,0
Palm Desert,Riverside,51163,26.81,75691,55369,32501,12555,11677,0,0,0,0,0,0,0,0
Palm Springs,Riverside,44575,94.55,67451,62030,29359,18342,4735,1,0,1,0,12,12,0,24
Perris,Riverside,78700,31.53,78352,24084,34579,18668,5493,1,1,0,0,0,12,0,12
Rancho Mirage,Riverside,16999,25.35,105557,86546,12845,5765,4177,1,1,1,0,24,0,0,24
Riverside,Riverside,314998,81.23,83448,31632,159903,71584,44163,2,2,2,0,24,16,0,40
San Jacinto,Riverside,53898,25.96,73682,24560,24829,10458,6713,0,0,0,0,0,0,0,0
Temecula,Riverside,110003,37.27,111881,42562,66718,20705,25783,3,3,1,10,0,24,0,34
Wildomar,Riverside,36875,23.7,89912,34607,21324,6154,8802,0,0,0,0,0,0,0,0
Citrus Heights,Sacramento,87583,14.22,75022,35722,50679,17474,18473,0,0,0,0,0,0,0,0
Elk Grove,Sacramento,176124,41.99,115864,42764,106688,50230,25571,2,1,1,0,0,28,0,28
Folsom,Sacramento,80454,27.88,134935,56541,48761,17039,16891,2,2,1,14,0,20,0,34
Galt,Sacramento,25383,7.15,85069,34857,14109,4842,5267,0,0,0,0,0,0,0,0
Isleton,Sacramento,538,0.4,52321,28452,371,160,103,0,0,0,0,0,0,0,0
Rancho Cordova,Sacramento,79332,34.57,85099,36124,42299,17735,11636,0,0,0,0,0,0,0,0
Sacramento,Sacramento,524943,98.61,78954,39336,275432,154136,41277,5,5,3,10,19,44,0,73
Clovis,Fresno,120124,25.42,98554,41909,73712,22257,32470,1,1,0,0,0,12,0,12
Coalinga,Fresno,17590,6.85,68976,23456,6033,2121,1942,2,2,2,18,0,80,0,98
Firebaugh,Fresno,8096,3.52,36078,13768,3151,1635,532,1,1,1,0,0,56,0,56
Fowler,Fresno,6700,2.53,56410,26623,3792,1573,1071,0,0,0,0,0,0,0,0
Fresno,Fresno,542107,115.18,63001,29293,265135,115266,71572,4,4,0,10,0,32,0,42
Huron,Fresno,6206,1.6,43664,15783,1281,734,135,0,0,0,0,0,0,0,0
Kerman,Fresno,16016,3.27,53956,21308,7016,3091,1740,0,0,0,0,0,0,0,0
Kingsburg,Fresno,12380,3.72,74897,32155,7408,1802,3787,0,0,0,0,0,0,0,0
Mendota,Fresno,12595,3.39,43315,12850,2988,1820,393,0,0,0,0,0,0,0,0
Orange Cove,Fresno,9649,1.79,33671,12306,3224,1770,461,0,0,0,0,0,0,0,0
Parlier,Fresno,14576,2.41,50026,17566,4933,2771,636,0,0,0,0,0,0,0,0
Reedley,Fresno,25227,5.51,61629,22826,10900,4372,3429,0,0,0,0,0,0,0,0
San Joaquin,Fresno,779233,1392.37,82837,33870,1020,613,89,0,0,0,0,0,0,0,0
Sanger,Fresno,26617,5.77,69333,24460,12689,6015,3212,0,0,0,0,0,0,0,0
Selma,Fresno,24674,5.81,53874,21714,10823,4943,2738,1,1,1,0,0,16,0,16
Buellton,Santa Barbara,5161,1.58,102361,47903,3407,1294,1145,1,1,0,10,0,0,0,10
Carpinteria,Santa Barbara,13264,2.59,103879,52303,8072,4200,1599,0,0,0,0,0,0,0,0
Goleta,Santa Barbara,32690,7.85,113889,49259,19918,10516,4046,1,1,0,0,0,12,0,12
Guadalupe,Santa Barbara,8057,1.31,66026,20314,3307,1721,597,0,0,0,0,0,0,0,0
Lompoc,Santa Barbara,44444,11.62,66947,27387,19408,7872,5468,1,1,0,0,0,12,0,12
Santa Barbara,Santa Barbara,88665,19.51,98346,58989,53860,31503,7869,3,3,1,0,8,28,0,36
Santa Maria,Santa Barbara,109707,22.81,81237,25685,39968,17504,10343,1,1,1,0,0,20,0,20
Solvang,Santa Barbara,6126,2.43,108074,65211,3921,1413,1397,0,0,0,0,0,0,0,0
Escalon,San Joaquin,7472,2.28,82563,51355,4556,1207,2238,0,0,0,0,0,0,0,0
Lathrop,San Joaquin,28701,19.83,108732,33980,14694,7054,2939,1,1,0,0,0,11,0,11
Lodi,San Joaquin,66348,13.64,78468,35345,35585,11668,14245,0,0,0,0,0,0,0,0
Manteca,San Joaquin,83498,21.39,89966,36000,46198,19205,13535,2,2,1,20,0,12,0,32
Ripon,San Joaquin,16013,5.33,115583,49400,10370,2421,5285,1,1,0,0,0,12,0,12
Stockton,San Joaquin,320804,62.21,71612,29095,145884,75457,29210,2,2,0,0,0,24,0,24
Tracy,San Joaquin,93000,25.89,111717,40041,49681,23579,11106,1,1,0,0,0,12,0,12
Arvin,Kern,19495,4.82,47997,14900,5723,3232,718,1,1,1,0,0,76,0,76
Bakersfield,Kern,403455,149.78,73827,31892,208642,75997,71964,4,4,2,10,0,52,0,62
California City,Kern,14973,203.61,55410,23297,6629,2349,2171,0,0,0,0,0,0,0,0
Delano,Kern,51428,14.72,53639,17517,16448,8961,2597,0,0,0,0,0,0,0,0
Maricopa,Kern,1026,1.6,45685,21089,474,70,293,0,0,0,0,0,0,0,0
McFarland,Kern,14161,2.68,42641,14419,4450,2421,691,0,0,0,0,0,0,0,0
Ridgecrest,Kern,27959,20.86,85872,39623,16140,3747,7311,0,0,0,0,0,0,0,0
Shafter,Kern,19953,38.7,66418,20708,8403,3367,2544,0,0,0,0,0,0,0,0
Taft,Kern,8546,15.27,52414,27539,3389,511,1991,0,0,0,0,0,0,0,0
Tehachapi,Kern,12939,10.26,62788,23163,5294,1176,2457,0,0,0,0,0,0,0,0
Wasco,Kern,27047,9.39,48109,16256,7897,3592,1793,0,0,0,0,0,0,0,0
Camarillo,Ventura,70741,19.69,105141,52817,48291,18099,16715,0,0,0,0,0,0,0,0
Fillmore,Ventura,16419,3.3,85255,32110,8742,4103,2083,0,0,0,0,0,0,0,0
Moorpark,Ventura,36284,12.28,143218,52673,23557,9184,7853,0,0,0,0,0,0,0,0
Ojai,Ventura,7637,4.36,76569,53663,5390,2917,1055,1,1,0,0,12,0,0,12
Oxnard,Ventura,202063,26.53,90409,28845,94689,52408,15367,1,1,1,20,0,0,0,20
Port Hueneme,Ventura,21954,4.42,71695,30857,11087,5627,2153,0,0,0,0,0,0,0,0
Santa Paula,Ventura,30657,5.53,72014,27867,15063,7947,2948,0,0,0,0,0,0,0,0
Simi Valley,Ventura,126356,41.55,112144,51324,83261,28851,30788,1,1,1,0,0,16,0,16
Thousand Oaks,Ventura,126966,55.26,125399,61458,86466,33220,28429,2,2,2,24,20,0,0,44
Ventura,Ventura,110763,21.89,96036,46562,72672,33447,18717,2,2,0,0,0,60,0,60
Ceres,Stanislaus,49302,9.5,70191,24176,23101,10987,5987,0,0,0,0,0,0,0,0
Hughson,Stanislaus,7481,1.91,99449,40898,4150,1268,1847,0,0,0,0,0,0,0,0
Modesto,Stanislaus,218464,43.05,73375,32897,114956,47477,36743,2,2,0,0,0,20,0,20
Newman,Stanislaus,12351,2.06,76520,29532,5488,2441,1495,0,0,0,0,0,0,0,0
Oakdale,Stanislaus,23181,6.23,83110,36622,13584,3659,6349,0,0,0,0,0,0,0,0
Patterson,Stanislaus,23781,7.79,86031,29091,11539,6010,2307,1,1,0,0,0,8,0,8
Riverbank,Stanislaus,24865,4.71,89504,33398,12714,4991,4094,0,0,0,0,0,0,0,0
Turlock,Stanislaus,72740,16.91,74559,33194,38710,13898,14317,1,1,1,0,0,16,0,16
Waterford,Stanislaus,9120,2.36,64349,23587,4472,1308,1909,0,0,0,0,0,0,0,0